"","rho","P"
"model1",0.776754991920765,2.03819218468136e-65
"model2",0.780561620303889,1.87875611276088e-66
"model3",0.759687061612561,5.14888403777013e-61
"model4",0.776489552860854,2.40258725847397e-65
